Akkineni, Anuhya
Bandi, Jahnavi
Behr, Joseph: github.com/JosephBehr
Boyina, Lekhanaa Jaya Sree
Brennaman, Logan R: github.com/lbrennaman
Buck, Erik M.: github.com/erikbuck
Carroll, Torey: https://github.com/ToreyC31
Chakka, Vinay
Cherukuri, Revanth Krishna
Conley, Benjamin: github.com/FrostyWumpus
Erra, Ram Dixit
Foster, John: github.com/fosterj14
Gadiraju, Deepika
Garrett, Stephan: github.com/Hanaham
Geiger, Ethan
Glassburn, Jordan: github.com/DragonTamer9001
Haire, Brandon: github.com/brandonhaire
Hardesty, Benjamin: github.com/CrimsonBlack
Hartlage, Ronni: github.com/rhartlage10
King, Daniel: github.com/danielrking4290
Kodati, Kartheek: https://github.com/karthikkodati79
Kuthati, Krishna
Logemann, Kevin: github.com/kevinlogemann
Manning, Jessica
Martin, Kevin: github.com/kmartin82
Mays, William: github.com/willm132
Mccall, Timothy: https://github.com/TiMcCall
Medam, Venkata Anudeep
Miller, Parker: github.com/P4RK3RM
Mirupala, Sneha: https://github.com/snehamirupala
Mohammed, Fayazuddin: github.com/fayu555
Moore, Luke: github.com/lukemoore495
Nalabothu, Sireesha: https://github.com/sireeshanalabothu/sireeshanalabothu
Narra, Prathyusha
Naylor, Michael D.: github.com/mnaylor120
Paidikondala, Lakshmi Prasanna: https://github.com/pajayreddy
Palamakula, Ajay Krishna Reddy
Partee, Isaac: github.com/isdp2001
Perry, Madison: github.com/IndecisiveMagician
Poling, Jacob D.: github.com/XarosElite
Ruby, Shawn M.: github.com/agreeablyblue
Rude, Austin W.: github.com/austin-wr
Sabbella, Akhil Sai Satyanarayana Reddy
Sangepu, Surya Teja
Satla, Rahul: github.com/rahul-satla
Satla, Ravali: github.com/RavaliSatla
Singh, Harroop: github.com/harroopsingh1993
Stetz, Samantha: github.com/camberwellbeauty
Thummala, Mrudhul Sai
Unkrich, Lettie: github.com/Letscet
Wright James: github.com/XJamesWrightX
Yegalapati, Venkata Dorayya: https://github.com/Dorayya62
